부문.본부,사업분야,현장코드,현장명,착공일(최종),준공일(최종),CM,공무,예산팀담당자,당사직원수(HR),전일,금일출역인원,PLAN계획,ACT실시,보할집계기준월,차수,실행구분,실행예산 리스트,상태,착공이후경과개월수,주소,공사개요
건축.주택,주택,090780,장위자이레디언트(서울),2022-04-01,2025-03-31,김재훈 CM,윤경환 공무,김재경  ,84,"   1,589","   1,461",81.4,69.2,202408,9차,변경,전체실행,완료,30,서울특별시 성북구 장위동 62-1번지 일대,"1)공사기간: 2022.04.01~2025.03.31(36개월)

2)사업규모 및 분류
 
- 대지면적 : 106,438㎡, 연면적 : 443,295.56㎡

- 건폐율 : 23.25%, 용적율 : 261.21%

- 아파트 : 31개동, 2840세대(임대484), 지하3층~31층, 주차대수 : 3,929대
   (1BL:10개동,2BL:12개동,3BL:5개동,4BL:4개동)
 
-사업분류 : 단독, 재개발

3)부대시설 
 - 주민공동시설,근린생활시설
 - 부대복리시설
   (경비실,관리사무소,방재실,MDF실,경로당,보육시설,
    작은도서관,맘스테이션,티하우스)
아파트면세율:95.50%"
건축.주택,주택,092080,메이플자이(서울),2021-10-28,2025-06-27,안용진 담당,김동규 공무,김민주  ,100,"   1,575","   1,508",60.3,60,202407,11차,변경,"[2024.06.26] 전기,설비 변경실행",완료,35,서울특별시 서초구 잠원동 60-3번지 일대,"신반포4지구재건축정비사업

아파트 : 29개동 (지하4층~지상35층), 3,307세대
근생(지하4층~지상5층), 부속동, 문화시설 등

-17.10.17 사업시행인가
-18.12.03 관리처분인가
-21.08.02 사업시행변경인가
-21.10.28 착공  (25.06준공예정)"
건축.주택,주택,092110,철산자이더헤리티지(경기),2021-12-31,2025-05-30,공회진 담당,한대성 공무,김태훈  ,80,"   1,493","   1,354",62.4,66.7,202408,9차,변경,[2024.05.27] 내역 미입력분 수정,완료,33,경기도 광명시 철산동 235번지 일대,"  APT 23개동 (B3층 ~ 40층) 3,804세대, 지하주차장(지하 1~3층), 주민공동시설, 근린생활시설, 부대시설, 주차대수 5,319대(세대당 1.37대)
연면적(591,208.0794M2)"
건축.주택,주택,210160,송도자이더스타(인천),2021-10-01,2024-12-31,박인기 CM,권오준 공무,김민주  ,47,     867,     814,70,68,202403,8차,변경,[2024.06.11] 실행변경1차,완료,36,인천광역시 연수구 송도동 396-11번지,"건물규모 : 지하1층~지상44층 (RC)
 - 아파트 9개동
   총 1,533세대 (테라스하우스 1개동 48세대 포함)
 - 지하주차장 1개동(지하2층)
 - 주차대수 : 2,414대
    공동주택  2,351대(1.53대/세대) 
    근린생활시설 63대
    근린생활시설 63대
부대복리시설
  - 근린생활시설, 관리사무소, 경비실,
    주민공동시설(경로당,어린이집,주민운동시설 등)
"
건축.주택,주택,150840,이문아이파크자이(서울),2021-10-26,2025-11-25,이광수 CM,안상건 공무,이승호  ,48,     804,     819,57.7,57.7,202408,10차,변경,[2024.08.27] 전체실행,진행중,35,서울특별시 동대문구 이문동 255-185 일원,"1. 3-1-2BL(분담이행, GS분)
   - 위      치 : 서울특별시 동대문구 이문동 149-8 일원
   - 건축  면적 : 9,896M2 (2,994평)
   - 연  면  적 : 287,867M2 (87,080평)
   - 규모및용도 : 지하6층 ~지상36층 / 아파트 10개동 / 2,173세대
                  근린생활시설 및 주민공동시설 외 부속동

2. 3-2BL(공동이행, 지분 GS:현산=50:50)
   - 위      치 : 서울특별시 동대문구 이문동 412-1 일원
   - 건축  면적 : 6,577M2 (1,993.1평)
   - 연  면  적 : 25,792M2 (7,815.7평)
   - 규모및용도 : 지하1층 ~지상4층 / 아파트 7개동 / 152세대
                  관리사무소 외 부속동"
건축.주택,주택,220040,음성자이센트럴시티(충북),2022-11-28,2025-11-27,손동성 CM,최진만 공무,김현수  ,40,     690,     661,52.2,56.5,202408,4차,전체실행,[2023.12.08] 전체실행,완료,22,충청북도 음성군 금왕읍 무극리 504-5번지 일원 ," -. 아파트 16개동 1,505세대 (1~27층)
 -. 주차장 B3F~B1F (주차대수 아파트 2,138대 / 근생 10대)
   # 세대당 주차대수 1.42대 (근생제외)
 -. 관리사무소, 주민공동시설, 근린생활시설
     주민운동시설, 어린이집, 경로당 外"
건축.주택,주택,151160,운암자이포레나퍼스티체(광주),2022-11-01,2026-03-31,이재근 CM,윤성근 공무,차동호  ,46,     641,     610,50.1,49.5,202408,8차,변경,[2024.08.02] 전체실행,진행중,23,광주광역시 북구 운암동 252번지 일대,"- 건축규모: 지하3층~지상29층, APT 37개동 (당사분 20개동)
             총 3,214세대 (당사분 1,687세대), 주차 1.33대
- 주요시설: 주민공동시설, 근린생활시설,
             경로당, 보육시설, 커뮤니티센터
- 지분: GS(47.5%/주간사), 한화(42.5%), HDC현산(10%)"
건축.주택,주택,151250,철산자이브리에르(경기),2022-10-31,2026-01-31,이준기 CM,박기원 공무,김현수  ,39,     640,     606,47.3,47.3,202408,7차,변경,[2024.08.20] 전체실행,진행중,23,경기도 광명시 철산동 105번지 일대,"APT 14개동(지하2층~40층), 1490세대, 주민공동시설,근린생활시설, 부대시설"
건축.주택,건축,190440,LG사이언스파크 DP2 2단계 신축공사(서울),2019-12-20,2024-12-31,김장호 CM,서석수 공무,하정환  ,40,     635,     549,84.3,84.3,202408,2차,변경,[2024.05.24] 1차 변경,완료,58,서울특별시 강서구 마곡중앙10로 10," 1. 규모: 지하4층, 지상 9~10층 4개동
 2. 구조 : 철근콘크리트조, 철골철근콘크리트조"
건축.주택,주택,092470,대명자이그랜드시티(대구),2023-01-10,2026-04-30,차영철 CM,지동섭 공무,이용빈  ,48,     633,     618,0,0,202309,6차,변경,[2024.03.27] 전체실행,완료,20,대구광역시 남구 대명3동 2304-30번지,"아파트 17개동 지하3층 ~지상34층 2,023세대
주차장 지하3개층 / 주차대수 2,847대(세대당 1.40대)
근린생활시설, 경로당, 어린이집, 주민카페, 휘트니스센터, 주민공동시설(작은도서관 포함)"
건축.주택,주택,111390,광명자이더샵포레나(경기),2022-06-15,2025-12-14,최민수 CM,김준희 공무,김재경  ,38,     627,     573,52,52,202408,8차,변경,[2024.06.27] 전체실행,완료,27,경기도 광명시 광명동 9-8번지 일원,"대지면적 : 107,514m2 (당사분 44,780m2)
연  면  적 : 460,463m2 (당사분 60,210m2)
용  적  율 : 296.43%
공사규모 : 아파트 28개동(B3F~38F) 3,585세대 (당사분 아파트11개동(B3F~38F) 1,541세대)
                   지하주차장 B3F~B1F(1.16대/세대)
                   근린생활시설, 주민운동시설, 어린이집, 경로당 외"
건축.주택,주택,200690,두류역자이(대구),2021-09-17,2025-08-31,김병규 CM,박용환 공무,김재호  ,32,     625,     582,,,,5차,변경,[2023.12.19] 전체실행편성,완료,36,대구광역시 서구 내당동 220-1번지 일원,"아파트 7개동, 지하4층~지상49층, 1300세대, 업무시설 86실, 부대시설, 판매시설"
건축.주택,주택,190960,익산자이그랜드파크(전북),2022-01-15,2025-02-28,성치원 CM,최재만 공무,김재경  ,37,     609,     577,41.6,42,202309,6차,변경,[2023.12.01] 전체실행,완료,32,전라북도 익산시 마동 산41번지 외 52필지,"아파트 : 1,431세대 / 9개동 (지하3층 ~ 지상38층)
근린생활시설 : 1,359평
부대복리시설 : 주민공동시설, 경로당, 보육시설 등
주차대수 
 - 아파트 2,162세대(세대당 1.51대)
 - 근린생활시설 48대 "
건축.주택,주택,201050,포항자이애서턴(경북),2022-01-01,2026-05-31,김해수 CM,박성수 공무,김태훈  ,48,     579,     569,,,,6차,변경,[2024.06.28] 확정실행,진행중,33,경상북도 포항시 북구 학잠동 93-4번지 일원," □ 건물규모
     : 지하3층~지상38층 (RC)
  
  - 아파트 10개동, 테라스동 5개동
       총 1,433세대 (10개 Type)

   - 부대복리시설
      근린생활시설, 부대복리시설(관리사무소,
      경로당, 보육시설 등), 경비실
"
건축.주택,주택,210180,나주역자이리버파크(전남),2021-12-02,2025-01-31,이선호 CM,민구 공무,이승호  ,39,     569,     510,80.8,78.6,202408,9차,변경,[2023.12.05] 전체실행,완료,34,전라남도 나주시 송월동 135-3번지 일원,"아파트 : 1,554세대 / 18개동(B3F ~ 32F)
근린생활시설 : 4,940.19M2
부대복리시설 : 주민공동시설, 경로당, 보육시설 등
주차대수
 - 아파트 2,173대(세대당 1.395대)
 - 근린생활시설 32대 "
건축.주택,주택,140370,인덕원자이SKVIEW(경기),2022-04-01,2025-04-30,김환 CM,윤하경 공무,김현수  ,47,     519,     462,71.4,69.8,202408,7차,변경,[2024.06.21] 전체실행,완료,30,경기도 의왕시 내손동 683번지,"- 지분율: GS: SK = 60 : 40
- APT 총 20개동 (2,633 세대) 중 당사분 12개동 1,639 세대 (지하4층 ~ 지상 29층), 근린생활시설, 주민공동시설 등. "
건축.주택,주택,200560,별내자이더스타이그제큐티브(경기),2022-09-01,2025-12-31,신진영 CM,김종일 공무,차동호  ,33,     504,     469,57.5,59,202408,7차,변경,[2024.06.25] 전체실행,진행중,25,경기도 남양주시 별내동 1001번지 외,"생활형숙박시설 및 오피스텔 6개동, 지하 4층 ~ 지상 29층, 760세대"
건축.주택,주택,200941,운정자이시그니처(경기),2023-03-10,2026-03-16,김준홍 CM,박승우 공무,이용빈  ,34,     494,     489,,,,5차,전체실행,[2024.06.28] 전체실행,진행중,18, 파주시 목동동 산26일원,"아파트 13개동(지하2~지상28층), 988세대, 지하주차장, 근린생활시설, 세대주차대수 1,533대(세대당1.55대)"
건축.주택,주택,092010,휘경자이디센시아(서울),2022-04-21,2025-06-30,김기성 CM,김용철 공무,차동호  ,42,     476,     454,66.8,66.8,202408,8차,변경,전체실행,완료,29,서울특별시 동대문구 휘경동 172번지 일대,"-. 아파트 : 14개동 1,806세대(B3 ~ 35층) 
-. 주차장 : 지하3층, 세대수: 2,159대
-. 부대복리시설 : 클럽자이안(사우나,카페,헬스클럽,실내골프장,독서실 외), 어린이집, 근린생활시설 외
-. 평형 구성 : 39m2(327세대),49m2(98세대),59A(271세대),59B(524세대),59C(58세대),59D(267세대),84A(194세대), 84B(67세대)

"
건축.주택,주택,210870,원주자이센트로(강원),2023-07-20,2026-06-30,최용욱 CM,전진원 공무,김재경  ,32,     448,     433,11.3,11.2,202408,4차,전체실행,[2024.06.26] 전체실행,진행중,14,원주시 단구동 922번지 일원 A1블럭,"■ 아파트 : 8 개동 970세대 (B3F~최대 29층)
■ 주차장 : 지하3층, 주차대수 1,323대(세대당 1.36대) 
■ 부대복리시설 : 커뮤니티센터, 어린이집, 
                        경로당, 관리사무소, 작은도서관 등
■ 근린생활시설 : 단지내 상가
"
건축.주택,주택,210590,화성동탄2A93블록공공주택사업(경기),2023-03-24,2025-10-24,윤필구 CM,이정학 공무,황경업  ,30,     445,     409,46.7,45.4,202408,6차,변경,[2024.08.24] 전체실행,진행중,18,화성시 동탄순환대로8길 16,"■ 현장명 : 화성동탄2 A93BL 
■ 사업명 : 화성동탄2 A93BL 민간참여 공공주택건설 사업
■ 공사기간 : 2023년 03월 ~ 2025년 10월
■ 규모 : 아파트 8개동(지하2층~지상28층) 965세대,지하주차장(B2),근린생활시설 등
"
건축.주택,주택,170170,창원자이시그니처(경남),2022-07-01,2025-04-30,김재현 CM,정명수  ,김태훈  ,36,     427,     368,73.7,73.5,202408,6차,전체실행,[2023.12.04] 전체실행,완료,27,경상남도 창원시 성산구 원이대로878번길 16 , 공사 규모 : 지하2층/지상 30층 아파트 8개동 786세대
플랜트,플랜트,230400,에버그린프로젝트(전남),2023-05-31,2025-08-31,최준규 PD,권재한 공무,윤동열  ,39,     420,     402,,,,1차,전체실행,[2023.08.24] 전체실행예산,완료,16, 전남 여수시 중흥동 1721-1 번지(MFC 유휴 부지 내)," 1) 사업명 : EVERGREEN Project
 2) 현장위치 : 전남 여수시 중흥동 1721-1번지 (MFC 유휴부지 내)
 3) 사업규모 : EVA 300 KTA
 4) 역무범위 : EPC "
건축.주택,주택,070120,청계리버뷰자이(서울),2023-11-13,2027-02-28,이미승 CM,이관훈 공무,신대철  ,49,     417,     409,,,,2차,부분,"[2024.06.04] 부분실행 2차(미장,조적,방수)",완료,10,서울시 성동구 용답동 108-1번지 일원,"건물 규모  : 지하2층 ~ 지상35층
   - 아파트 14개동, 1,670세대
   - 지하주차장 (지하2층)
   - 주차대수 : 2,095대(1.25대/세대)
주요시설
   - 주민공동시설, 경로당, 근린생활시설 등
"
건축.주택,주택,092200,영등포자이디그니티(서울),2023-02-01,2026-03-31,류창수 CM,박은규 공무,김현수  ,32,     417,     381,,,,5차,전체실행,[2024.08.20] 전체실행,진행중,20,서울시 영등포구 양평동1가 251번지 일대," [공동주택]
 .아파트 : 지하2층~지상 35층 4개동 707세대
 .주차장 : 지하2층, 주차대수 866대(세대당 1.22대) 
 .부대복리시설 : 커뮤니티센터, 어린이집, 
                             경로당, 관리사무소, 작은도서관 등
 .근린생활시설 : 단지내 상가

[지식산업센터]
 .지하2층 ~ 지상12층 (237실)"
건축.주택,주택,211080,상무센트럴자이(광주),2022-05-27,2025-03-31,정필제 CM,서희전 공무,김태훈  ,32,     383,     364,,,,5차,변경,[2024.06.24] [2024.06.24] 전체실행,진행중,28,광주광역시 서구 쌍촌동 600번지 일원,"건축규모 : 
B3F ~30F, APT 14개동, 총 903세대, 주차 1.72대
부속건물 : 
주민공동/근린생활/경로당 등"
건축.주택,주택,150810,양정자이더샵SKVIEW(부산),2021-09-14,2025-01-31,김성수 CM,강현선 공무,이승호  ,35,     373,     297,85.2,84.5,202408,9차,변경,[2023.12.19] 전체실행,완료,36,부산광역시 부산진구 양정동 73-7번지 일원," - 11개동(지하5층~34층)
 - 아파트 1,035세대
 - 지하주차장(지하5층)
 - 근린생활시설"
건축.주택,주택,211030,위례A2-7블록아파트건설공사(경기),2022-08-31,2026-09-03,박동근 CM,김동진  ,이용빈  ,34,     358,     324,10,10,202408,2차,부분,[2024.08.21] 방수공사,완료,25,경기도 성남시 수정구 창곡동 514,"1) 공사기간 : 2022.08.31 ~ 2026.09.03.
2) 사업규모 및 분류
   - 대지면적 : 52,722m2,  연면적 : 178,625.79m2
   - 건폐율 : 19.64%, 용적율 : 220.61%
   - 아파트 :  22개동, 1,309세대, 지하2~23층, 주차 1,658대
   - 사업분류 : 공동(w. 동부건설/계룡건설/대보건설), 지분율50%(주간)/공공
   - 부대시설(경로당, 어린이집, 커뮤니티 시설), 근린생활시설

단위세대 구성
 - 70타입 군관사
 - 55타입 신혼희망(공분), 신혼행복"
건축.주택,주택,200630,강서자이에코델타(부산),2022-06-02,2025-03-31,김병수 CM,정필두 공무,황경업  ,34,     355,     323,73.5,73.4,202408,5차,전체실행,[2023.12.05] 전체실행,완료,28,부산광역시 강서구 강동동 4998-4,"- 아파트 : 856세대 / 10개동(B2F ~ 22F)
- 근린생황시설 : 730.7 M2
- 부대복리시설 : 주민편의시설, 경로당, 어린이집, 다함께돌봄센터 등 "
건축.주택,주택,211200,원호자이더포레(경북),2022-06-15,2025-05-31,김진일 CM,김승열 공무,김현수  ,27,     350,     336,,,,5차,전체실행,[2023.09.14] 전체실행,완료,27,경상북도 구미시 고아읍 원호리 90번지 ," 7개동 총  834세대 , 주차 1,224대(근생 포함), 철근 콘크리트 벽체 구조"
건축.주택,주택,220670,봉담자이라젠느(경기),2022-08-01,2025-03-31,김재관 CM,이진웅 공무,신대철  ,28,     333,     304,,,,6차,전체실행,[2023.12.01] [전체실행],완료,26,경기도 화성시 봉담읍 동화리 170 일원,". 아파트 7개동, 862세대, 지하 2층~지상 25층
. 주차대수: 1,148대 (1.33대/sd)
. 주민공동시설(1,123평)+근생(155평) 외"
건축.주택,주택,211250,제천자이더스카이(충북),2022-04-28,2025-10-31,류지영 CM,장호중 공무,김재경  ,27,     331,     301,60.8,60.1,202407,3차,전체실행,[2023.09.20] 전체실행,완료,29,충청북도 제천시 신월동 1474번지,"1) 공사기간 : 2022.04.28~2025.10.31 (42개월)
2) 사업규모 및 분류
   - 대지면적 : 21,563M2            연면적 : 130,094 
   - 건폐율 : 20.33%                    용적율 : 397.18%
   - 아파트 5개동,  713세대, 지하4층~지상37층, 주차대수 859대
   - 사업분류 : 단독/민간
3) 설계 : (주)종합건축사사무소 건원"
건축.주택,주택,220710,아산자이그랜드파크2블록(충남),2023-05-01,2026-02-28,조연태 CM,황의석 공무,신윤정  ,32,     326,     318,,,,4차,변경,"[2023.12.19] 부분실행_3차(미장,조적,방수 및 가스설비)",완료,17, 아산시 용화동 133-2,"6개동, 지하4층~지상37층, 849세대
근린생활시설, 주민공동시설(어린이집, 경로당), 스카이라운지(Club Cloud)
주차대수 <아파트 : 1,106대, 근생 : 51대, 1.36대/세대당>
조경면적 <법정 : 10,671.3m2, 계획 12.608.9m2 (35.45%)"
건축.주택,주택,150300,둔산자이아이파크(대전),2022-01-10,2025-06-30,박종윤 CM,민재기 공무,차동호  ,31,     308,     286,58.4,58.4,202406,5차,변경,[2024.09.12] 변경1차,완료,33,대전광역시 서구 탄방동 514-360번지,"1.건물규묘: 지하 2층~42층 (GS:50%, 현산50%)
    - 아파트: 12개동, 1,974세대 (GS: 6개동,982세대, 근생2동, 기전실)
    - 지하주차장: 지하 2층
    - 주차대수: 2,652대, 주민공동시설, 근린생활시설, 부대시설"
건축.주택,주택,221040,복대자이더스카이(충북),2023-01-20,2026-07-19,박찬수 CM,최용성 공무,신대철  ,24,     279,     241,31.9,31.8,202408,5차,변경,[전체실행],완료,20,충청북도 청주시 흥덕구 복대동 100-28,"지하3층~지상49층, 3개동, 715세대
주차장(B3F~1F), 주차대수 : 1,089대(세대당 1.50대)
근린생활시설 :1F
부대복리시설 : 휘트니스센터, 도서관, 어린이집, 경로당, 관리사무소 등"
인프라,인프라,101421,부산(만덕~센텀)지하도로(부산),2019-11-29,2024-11-28,최성욱 CM,박경관 공무,박정환  ,36,     272,     254,64.9,63.5,202408,9차,변경,"[2024.04.18] [2024.04.18] 7차변경 확정분,미확정분",완료,58,부산광역시 동래구 충렬대로 200,"공사금액 : 410,151백만원(전체분, 2023.06월 기준 경상가, VAT제외)
공사기간 : 2019년 11월 29일 ~ 2024년11월 28일  (60개월)
공사구간 : 부산광역시 동래구 온천동 ~ 해운대구 재송동
공동도급사 : GS건설(주)[71.42%], 경동건설(주)[7.94%]. 동성산업(주)[7.94%], (주)신화종합건설[7.94%], (주)정명건설[3.17%], 한웅건설(주)[1.59%]
주요공사 : L=5.3km(왕복4차로 대심도 지하차도), 설계속도 80km/h, 영업소 2개소(본선1개소, IC 1개소), 진출입시설 2개소(중앙IC, 센텀IC)"
건축.주택,주택,200780,대구역자이더스타(대구),2021-09-01,2025-03-31,임창민 CM,김성회 공무,김태훈  ,21,     262,     223,87,85,202408,5차,변경,[2023.11.06] 전체실행,완료,37,대구광역시 북구 칠성동2가 500-2번지 일원,"3개동, 지하5층~지상48층, 505세대"
건축.주택,주택,201230,아산자이그랜드파크1블록(충남),2023-05-01,2026-02-28,김원래 CM,안기태 공무,신윤정  ,28,     257,     249,,,,4차,변경,"[2023.12.19] [2023.12.19] 부분실행_3차(미장,조적,방수 및 가스설비)",완료,17, 아산시 시민로 194번길 59-3,"5개동, 지하4층~지상35층, 739세대
근린생활시설, 주민공동시설(어린이집, 경로당), 스카이라운지(Club Cloud)
주차대수 <아파트 : 961대, 근생 : 6대, 1.31대/세대당>
조경면적 <법정 : 9,526.5m2, 계획 11.300.9m2 (35.59%)"
건축.주택,주택,220150,이천자이더리체(경기),2023-11-01,2026-07-31,김동희 CM,정준화 공무,이승호  ,26,     255,     208,,,,3차,전체실행,[2024.08.22] 전체실행,진행중,11,경기도 이천시 증포동 323-30번지 일원," APT 7개동,  지하2층, 지상21~25층,  558세대,  84A, 84B, 84C, 84D, 101, 120타입,  RC(철근콘크리트조) / 개별난방,  최고높이 74.425M
주차대수 901대 (1.61대/세대),  조경면적 10,920M2 (대지면적의 38.12%)
경로당, 어린이집, 작은도서관 외 주민공동시설 등"
건축.주택,주택,140310,마포자이힐스테이트라첼스(서울),2023-11-01,2027-03-31,이준호 CM,이승한 공무,차동호  ,37,     237,     241,8.9,8.7,202408,1차,부분,[2024.03.28] [2024.03.20] [부분] 부분실행_1차(전기+설비),완료,11,서울특별시 마포구 공덕동 105-84번지 일대,"아파트 10개동, 지하4층 ~ 지상22층, 1,101세대, 지하주차장 1,659대(세대당 1.51대), 관리사무소, 주민공동시설, 근린생활시설"
건축.주택,주택,210200,이천자이더파크(경기),2021-10-01,2024-11-21,김현재 CM,이민호 공무,이승호  ,32,     237,     182,99,94.4,202408,6차,변경,[2024.09.13] 설계변경 1차,완료,36,경기도 이천시 관고동 산 13-1번지 일원,"건물규모 : 지하3층~지상18/25층 (RC)
- 아파트 11개동(테라스 4동), 706세대
- 지하주차장 : 지하3층+데크3층
- 주차대수 : 아파트 998대(1.41대/세대) 근린생활시설 21대, 총1,019대

부대복리시설
- 근린생활시설, 부대복리시설(관리사무소,경로당,보육시설 등), 경비실"
건축.주택,건축,240310,Westin Seoul Parnas 리모델링공사(서울),2024-08-01,2025-07-31,윤규열 CM,이상원  ,황경업  ,29,     235,     217,,,,차,-,, ,1,서울시 강남구 삼성동 159번지 외 2필지,"공사명:Westin Seoul Parnas 리모델링공사
주소:서울 강남구 삼성동 159번지외 2필지
공사기간:2024년 7월 ~ 2025년 7월
규모:지하6층(UT실,주차장,연회장), 지상29층(객실 외 공용부)
연면적 : 109,978㎡(33,268평) "
그린,환경,190640,대산임해산업지역공업용수도(SWRO)건설공사(T/K)(충남),2021-11-22,2025-06-30,양태영 CM,소재관 공무,김대용  ,46,     233,     217,50.8,50.8,202408,1차,전체실행,[2022.05.12] 실시설계 확정분 반영,완료,34,충청남도 서산시 대산읍 대죽리 762(평신1로 325),"   1) 공 사  명 : 대산임해산업지역 공업용수도(SWRO)건설공사(T/K)(충남)
   2) 발 주  처 : 한국수자원공사(K-water)
   3) 공사기간 : 2021년 11월 22일 ~ 2025년 6월 30일 (착공후 43개월, 시운전 3개월 포함)
   4) 공사금액 : 2,439억원(전체분, VAT 제외) [GS(100%)]
   5) 주요공종 : 해수담수화시설 신설(Q=100,000M3/일), 취수펌프장(Q=210,000M3/일), 관로시설 1식(22.436km)"
건축.주택,주택,111660,인덕원퍼스비엘(경기),2023-02-10,2026-06-10,한상현 CM,정대우 공무,이승호  ,29,     224,     243,27.1,29,202408,5차,부분,"[2024.05.20] 내장,창호,일반철물,MOB",완료,19,경기도 의왕시 내손동 661번지 일원,"사  업  명 : 의왕 내손라구역 재개발 정비사업
위        치 : 경기도 의왕시 내손동 661번지 일원
공사기간 : 2023년 02월 ~ 2026년 06월 (40개월)
공사규모
   ▷ 사업분류 : GS 30%, 대우40%(주관사), 롯데 30% 
   ▷ 아  파  트 : 14개동 2,180세대, 지하4층~지상34층
                          (당사 5개동, 686세대-104,5,6,7,14동) 
   ▷ 주  차  장 : 주차대수 3,321대(세대당 1.5대) 
   ▷ 부대복리시설 
     - 주민공동시설, 근린생활시설, 어린이집, 경로당"
건축.주택,주택,211170,고덕자이센트로(경기),2023-02-25,2025-07-31,정채연 CM,김태우 공무,황경업  ,24,     218,     208,53.5,55.2,202408,7차,변경,전체실행,완료,19,경기도 평택시 고덕동 1860-2번지 / 고덕국제화계획지구 A5BL ,"- 아파트 : 지하2층~ 25층 or 9층, 7개동, 569세대 
- 주차장 : 지하1층, 주차대수 802대 (1.4대/세대)
- 부속동 : 커뮤니티센터, 도서관, 어린이집, 경로당, 상가 등 "
건축.주택,주택,211090,영주자이시그니처(경북),2024-01-01,2026-11-30,이호일 CM,박영건 공무,김현수  ,28,     207,     209,,,,2차,부분,[2024.04.24] [2024.04.24] 부분실행 2차_설비,완료,9,경북 영주시 상망동 산78-1번지 일원(도시개발구역)," 건물 규모  : 지하3층 ~ 지상27층
   - 아파트 8개동, 763세대
   - 지하주차장 (지하3층)
   - 주차대수 : 1,080대(1.4대/세대)
 주요시설
   - 부대복리시설 : 커뮤니티센터, 관리사무소, 어린이집
                          경로당, 작은도서관 등
   - 근린생활시설 : 단지내 상가
"
건축.주택,주택,092380,안양자이더포레스트(경기),2023-07-04,2026-05-28,최의성 CM,박정현 공무,김민주  ,27,     206,     181,28.5,28.5,202408,4차,전체실행,[2024.08.12] 전체실행,진행중,15,경기도 안양시 만안구 석수2동 348번지 일대,"아파트 5개 동, 지하3층~지상26층, 483세대"
건축.주택,주택,211270,범어자이(대구),2022-07-01,2026-02-28,박두현 CM,이상표 공무,차동호  ,23,     198,     175,53.5,52.9,202408,2차,전체실행,[2023.12.22] 전체실행,완료,27,대구광역시 수성구 범어동 48-26번지,"1) 공사기간 : 2022.07.01 ~ 2026.02.28 (44개월)
2) 사업규모 및 분류
   - 대지면적 : 8,840.90m2, 연면적 : 91,893.5772m2
   - 건폐율 : 79.50%, 용적율 : 687.87%
   - 전체 : 4개동(451세대) APT 399세대, 지하6층~지상34층, 오피스텔 52세대, 지하6층~지상28층, 주차705대 
   - 사업분류 : 단독 
"
건축.주택,주택,170500,부산시청앞행복주택지구민간참여공공주택건설사업(부산),2019-12-17,2025-06-14,정동준 CM,이재광 공무,이용빈  ,24,     185,     178,80.7,79,202408,7차,변경,"[2023.10.16]  변경5차 1단지 건축,전기,설비",완료,58,부산광역시 연제구 연산동 1590-25번지 일원,"1단지 : 지하4층 지상37층 2개동(금회공사분)
           공동주택 589세대 및 부대복리시설 / 오피스텔 103세대 
2단지 : 지하4층 지상37층 3개동(준공)
           공동주택 999세대 및 부대복리시설 / 오피스텔 109세대"
건축.주택,주택,210950,대구본리동주상복합(대구),2022-06-02,2026-06-12,김창재 CM,장현호 공무,차동호  ,23,     157,     155,37.9,37.9,202408,4차,변경,[2024.05.13] 미장조적타일공사,완료,28,대구광역시 달서구 본리동 661-9번지 일원,"-. 지하5층~지상49층 공동주택, 오피스텔, 근린생활시설, 부대복리시설(경로당,어린이집)
-. 아파트 360세대, 오피스텔 78실, 근린생활시설 12호실(지하1층~지상2층)
-. 주차대수 620대(1.37대:1)"
건축.주택,주택,220230,은평자이더스타(서울),2022-08-01,2026-05-31,고헌철 CM,주지혁 공무,이용빈  ,20,     157,     147,45.6,45.6,202408,2차,전체실행,[2023.12.19] 전체실행,완료,26,서울특별시 은평구 신사동 19-100,"2개동(지하4층~25층) APT 262세대 O/T 50세대, 지하주차장(지하4층), 근린생활시설, 청소년수련시설"
건축.주택,주택,210050,인천검단AA13-2블록공공주택사업(인천),2021-05-21,2027-08-31,정재현 CM,한진택 공무,이용빈  ,19,     142,     146,91.4,94,202308,8차,전체실행,[2022.12.12] 전체실행,완료,40,인천광역시 서구 원당동 531번지  (검단택지지구),"지하2층 ~ 지상25층
APT 17개동
1,666세대
공동도급: GS(40%), 동부(30%), 대보(30%)"
플랜트,플랜트,230530,EVERGREEN Feed & Utility Project(전남),2023-10-16,2025-04-30,서경원 CM,박형문 공무,,18,     127,      93,,,,차,-,, ,11,여수시 산단중앙로 669,"[FEED 공급 설비］
   1. 에틸렌 공급 설비 신설
   2. 프로필렌 공급 
   3. VAM Loading Arm 1기 신설
   4. Mixed Xylene 공급
[Utility 공급 설비］
   1. Cooling Tower 1기 신설
   2. Air Compressor 신설
   3. 154kV GIS  [Interconnection & Tie-in]
"
건축.주택,주택,180080,프레스티어자이(경기),2024-07-01,2027-10-01,최효석 CM,이창훈 공무,김민주  ,31,     122,     102,,,,차,-,, ,2,경기도 과천시 별양동 7번지 일원,"아파트 : 11 개동 1,445세대 (B3F~최대 35층,일반분양 296세대,조합원 1,149세대)
지하주차장 B3F, 2,460대(장애인 77대) (1.70대/세대)
부대복리시설 : 커뮤니티센터,티하우스,어린이집 등
근린생활시설 : 단지내 상가
"
건축.주택,주택,111730,광명자이힐스테이트SKVIEW(경기),2023-07-01,2027-06-30,고용석 CM,오정규 공무,김태훈  ,27,     121,     125,8.3,11.5,202408,2차,부분,[2024.03.25] 부분실행_설비,완료,15,경기도 광명시 광명동 78-38번지," - 아파트 : 18개동(B4F~37F),  2,878세대
 - 주차장 : B4F ~ B1F,  주차대수 : 3,784대(1.3대/세대)
 - 부대복리시설 : 관리사무소, 주민공동시설, 근랜생활시설, 어린이집, 경로당"
건축.주택,주택,210880,검단아테라자이(인천),2024-06-04,2027-02-28,정철인 CM,박유나 공무,김현수  ,24,     117,     108,2.2,3.8,202408,2차,부분,[2024.07.11] 부분실행 2차 (설비),진행중,3, 인천시 서구 불로동 484-3,"- 아파트 6개동 709세대(지하2층~지상25층)
- 주차장 : 지하2층, 주차대수 911대 (세대당1.3대)
- 부대복리시설 및 근린생활시설 "
건축.주택,건축,210840,LS전선동해2공장해저케이블4동신축공사(강원),2021-10-01,2025-06-30,윤상문 CM,유후재 공무,하정환  ,14,     117,      99,69.4,63,202408,14차,변경,[2024.06.28] 실행변경 11차,완료,36,강원도 동해시 대동로 215,"해저케이블4동 : 300m × 68m    H : 18m (1층)
V.C.V타워 : 20.5m × 27.5 m   H : 171.8m  - 지하1층 ~ 지상23층, PH층
GANG WAY : 길이 800m
턴테이블 8,000톤 2개, 10000톤 턴테이블 4개
해저5동 및 부속동
"
그린,환경,191040,부산광역시분뇨처리시설현대화사업(T/K)(부산),2020-11-30,2024-12-31,안상현 CM,배봉철 공무,김대용  ,12,     112,     109,87,87,202407,3차,변경,[2022.11.25] 도급 설계변경(용량변경) 반영,완료,46,부산 사상구 낙동대로943번길 157,"1) 공  사  명 : 분뇨처리시설 현대화사업(부산) 현장(Job Code : 191040)
2) 공사 금액 : 734억(VAT 제외, 중기자재 제외, 폐기물처리비 제외)
3) 시설 규모
 - 완전지하화 분뇨처리시설(Q=2,500㎥/일), 지하3층/지상2층
 - 사업부지(14,900㎡), 건축면적(8,197㎡), 연면적(18,322㎡)
 - 우선시공분(가설공사 및 옥외변전소 이설 등)
4) 공사 기간 
 - 전   체   분   : 2020.11.30 ~ 2024.05.19(36개월, 종합시운전 6개월 포함)
 - 우선시공분 : 2020.11.30 ~ 2021.02.27(3개월)
 - 1     차   분  : 2021.09.03 ~ 2022.03.31(7개월)              
5) 공동 도급 : 당사(40%), 태영(30%), 삼미(10%), 경동(10%), 동아지질(10%)
6) 발  주  처 : 부산광역시 건설본부"
건축.주택,주택,230590,영통역자이프라시엘(경기),2024-03-01,2026-12-31,설재욱 CM,배상걸 공무,신윤정  ,24,     106,     101,,,,2차,부분,[2024.09.12] 부분실행_2차(미장.조적.방수),완료,7,경기도 용인시 서천동 335-2,"□ 공  사  명 : 영통역 자이 프라시엘(경기)
□ 공사기간 : 2024.03 ~ 2026. 12 (실착공 후 34개월)
□ 대지위치 : 경기도 용인시 서천동 335-2번지 일원
□ 공사규모 : 6개동, B3F~23F, 472세대, 아파트 및 부대시설
□ 연  면  적 : 79,072.48 m2
□ 대지면적 : 21,940 m2"
건축.주택,주택,170430,문화자이SKVIEW(대전),2024-04-05,2027-08-31,송용길 CM,조현제 공무,권선택  ,28,     101,      94,,,,1차,부분,"[2024.06.25] 설비, 전기 부분실행",완료,5,대전광역시 중구 문화동 435-42번지 일원,"주소 : 대전광역시 중구 문화동 435-42번지 일월
■ 공사기간 : 2024.05.01~2027.08.31 (40개월)
■ 공사개요
   - 용        도 : 공동주택(아파트) 및 부대복리시설
   - 대지면적 : 100,770 m2
   - 건축면적 : 13,742.6615 m2
   - 연 면 적 : 284,646.1899 m2 (용적율 : 217.66%, 법적 220% 이하)
   - 신축규모 : 지하주차장 B3F ~ B1F / 아파트 13~34F 19개동 1,746세대"
인프라,인프라,200970,인천도시철도1호선검단연장선4공구건설공사(인천),2020-10-15,2025-05-21,배성우 CM,임지훈 공무,박정환  ,17,      97,      56,0,0,202403,8차,변경,[2024.08.19] 6차변경 미확정분,완료,48,인천광역시 서구 드림로 546," - 현  장 명 : 인천도시철도1호선 검단연장선 4공구 건설공사

 - 공사금액 : 89,122백만원(영세율)

 - 공사기간 : 2020.10.15~2025.05.21(1,680일)

 - 발  주 처 : 인천광역시 도시철도건설본부

 - 공동도급 : GS 50.96%, 원광 49.04%

 - 공사내용 : NATM 397m, 개착BOX 381m, 환기구 3개소, 정거장 1개소 202m, 건축 및 기계설비 1식
"
건축.주택,주택,220050,포항자이디오션(경북),2022-04-01,2026-09-30,권세라 CM,임동선 공무,김민주  ,19,      89,      90,31.1,41.6,202408,4차,변경,[2024.05.15] 전체실행,진행중,30,경상북도 포항시 북구 항구동 17-358번지 외 9필지 ,"지하4층 / 지상 45층(주상복합)
B4F~5F : 주차장 / 6F~8F : 근린생활시설 / 9F~45F : 아파트 212세대
"
건축.주택,주택,221070,공릉아파트건설공사(서울),2022-08-31,2025-07-23,손성기 CM,조진우 공무,황경업  ,15,      89,      79,,,,2차,변경,[2024.05.22] 설비,완료,25,서울특별시 노원구 공릉동 240-1," - APT 5개동(11~25층) 294세대 (군관사 80세대, 신혼희망타운 214세대), 지하주차장(지하 1~2층)
- 관리사무소, 경비실, 주민공동시설
- 대지면적 : 4,920평, 건축면적:1,252평, 연면적: 13,994.82평 (지상 : 28,926.5m2, 지하 : 17,275.73m2)"
건축.주택,주택,210250,동작센트럴자이(서울),2024-04-01,2028-01-31,전성균 CM,김상현 공무,이용빈  ,33,      87,      89,,,,1차,부분,[2024.08.13] 부분실행_1차(설비+전기),완료,5,서울시 상도동,"아파트 : 11개동 2,002세대 (지하2층~최대 35층)
주차장 :  지하5층, 주차대수 2,250대 (세대당 1.12대)
부대복리시설 : 판매시설, 커뮤니티센터, 유치원, 소상공인 지원센터, 관리사무소 등
근린생활시설 : 단지내 상가"
건축.주택,주택,230700,영통자이센트럴파크(경기),2024-03-31,2027-02-28,이승헌 CM,배진호 공무,김태훈  ,22,      87,      81,,,,2차,부분,"[2024.07.24] [2024.07.24] 전기,통신공사(부분실행)",완료,6,수원시 영통구 영통동 961-11 ,"7개동, 지하2층~지상29층, 580세대(전세대 84㎡ 4개 타입)"
인프라,인프라,180560,새만금전주간고속도로건설공사(제1공구)(전북),2018-05-15,2024-12-09,김선영 CM,권요한 공무,박정환  ,21,      86,      88,100,100,202408,14차,변경,[2024.02.05] 13차변경 확정분,완료,77,전라북도 김제시 진봉면 지평선로 1255,"공사명 : 새만금~전주간 고속도로 건설공사 제1공구
위  치 : 전북 김제시 진봉면 심포리~상궐리
연장 및 폭원  : 7.40KM, 폭원 23.4m(4차로)
공사기간 : 2018.05.15 ~ 2024.12.09
공사금액 : 165,020백만원(전체분, VAT별도) / 115,517백만원(당사분, VAT별도)
주요공사내용 
  - 토공 : 흙깎기 570천m3 , 흙쌓기 1,728천m3
  - 교량 : 13개소 / 981m
  - 포장, 부대공, 지장물이설공사 : 1식
  - 졸음쉼터 1개소"
건축.주택,주택,230660,이천자이더레브(경기),2024-05-01,2027-04-30,나승노 CM,황정호 공무,신윤정  ,18,      83,      82,,,,2차,부분,"[2024.09.02] 부분실행 2차(전기,통신)",완료,4,경기도 이천시 송정동 산31번지 일원," 아파트 7개동, 지하4층~지상25층, 635세대"
인프라,인프라,220780,청주하이테크밸리일반산업단지(충북),2023-01-05,2026-01-04,신상훈 CM,임황우 공무,박정환  ,15,      75,      79,38.3,38.4,202408,2차,전체실행,[2024.04.23] 최초실행,완료,21,충청북도 청주시 흥덕구 강내면," ※ 청주하이테크밸리 일반산업단지 조성공사
 - 토공 : 깎기 3,031,192m3, 쌓기 2,128,574m3
 - 배수공 : PC암거 2,271m, 철근콘크리트관 10,936m, 주철관 130본 등  
 - 구조물공 : 보강토옹벽 785m2, 절토부패널옹벽 1,459m2"
건축.주택,주택,220900,순천그랜드파크자이(전남),2024-07-08,2027-07-07,유병연 CM,황의석 공무,,23,      71,      66,,,,1차,부분,"[2024.09.25] 부분실행(전기, 설비)",진행중,2, 전라남도 순천시 풍덕동 327-3 외 43," - 아파트 : 9개동, 997세대(지하2층~29층)
 - 지하주차장 : 1,611대(세대당 1.6대)
 - 부대복리시설 : 커뮤니티센터, 어린이집, 경로당, 관리사무소, 작은도서관등
 - 근린생활시설 : 단지내 상가"
건축.주택,주택,240070,송도자이풍경채그라노블5단지(인천),2024-06-01,2028-03-31,황춘상 CM,김형태 공무,김민주  ,21,      69,      77,,,,차,-,, ,3, 인천광역시 연수구 송도동 553-2,"건축규모 : 지하2층~45층, APT 3개동, 오피스텔 1개동  
                   총 881세대 (아파트 610세대 + 오피스텔 271실)
주차대수 :  총 1,268대 : APT 946대 (세대당 1.55대) / 오피스텔 302대 (실당 1.11대) / 지상20대
부대시설 : 커뮤니티센터, 어린이집, 아너스클럽, 근린생활시설 등

"
건축.주택,주택,210240,송도자이풍경채그라노블3단지(인천),2024-06-01,2028-03-31,김기현 CM,홍승진 공무,김민주  ,26,      68,      37,,,,차,-,, ,3, 인천광역시 연수구 송도동 554,"? 아파트 3개동 597세대(지하2층~지상45층), 오피스텔 1개동 271실
? 주차장 : 지하2층, 주차대수 718대(세대당 1.55대), 오피스텔 271대 근생 10대           
? 부대복리시설 : 커뮤니티센터, 어린이집, 경로당 등
? 근린생활시설 : 단지내 상가
"
인프라,인프라,230540,평택당진항항만배후단지(2-1단계)조성사업2구역(경기),2023-06-28,2025-09-27,박찬양 CM,이원호 공무,박정환  ,15,      66,      17,,,,2차,전체실행,[2024.04.29] 최초실행,완료,15, 경기도 평택시 포승읍 서동대로 407 ,"  단지조성 20.3만평

가호안 - 신규 1,0503m 
 준 설   - 모래 299만m3 
지반개량(PBD) - 길이 : 523만m 공수 : 42.0만 공
도로포장 - 아스콘 포장 8만m2 (53,081Ton)
상  수  공 - 8.1km (내충격 수도관)
우  수  공 - 9.2km (흄관 7.1km + P.C BOX 2.1km)
오  수  공 - 7.7km (PE 삼중벽관)
조  경  공 - 식재(소나무 외) 52,614주
전  기  공 - 가로등 287ea, 교통신호등 85ea, CCTV 14ea, 무인단속카메라 10ea
부  대  공 - 오탁방지막 37Span, 등부표 5기(유용),여수토 1개소, 세륜기 설치 5개소, EGI휀스 1식"
그린,환경,210680,성서자원회수시설개체사업(T/K)(대구),2023-05-22,2026-06-19,최용원 CM,최원혁 공무,조용석  ,18,      66,      59,15.8,15.6,202408,1차,전체실행,[2024.03.19] 전체실행,완료,16," 대구광역시 달서구 성서공단로 257 일원, 대구환경공단 성서사업소 내","1) 공 사 명 : 성서자원회수시설개체사업(T/K)(대구)(CODE : 210680)
2)공사 금액 : 93,172백만원(VAT 별도)
3) 시설규모 : 폐기물처리시설 (360톤/일), 부대시설(열교환기 및 증기터빈 포함)
4) 공사기간 : 착공일로부터 36개월(시운전 3개월)
5) 공동도급 : GS건설 (55%), 화성산업(18%), 서한(17%), 태왕이엔씨(10%)
6) 발 주 처 : 대구광역시 건설본부"
건축.주택,주택,221010,여주역자이헤리티지(경기),2024-05-07,2027-06-06,남상현 CM,박효준 공무,김재경  ,24,      63,      63,,,,2차,부분,"[2024.08.23] 부분실행2차_조적,미장,방수공사",완료,4,여주시 교동 500-118번지,"■ 아파트 : 8 개동 769세대
 - 59A :85세대
 - 59B : 81세대
 - 84A : 249세대
 - 84B : 248세대
 - 99A : 52세대
 -99B : 52세대
- 136P : 2세대
■ 주차장 : 지하2층, 주차대수 1,006대(세대당 1.3대) 
■ 부대복리시설 : 다함께돌봄센터, 어린이집, 
                             경로당, 관리사무소, 작은도서관 등
■ 근린생활시설 : 단지내 상가"
그린,환경,220130,"울산시성암소각장1,2호기재건립사업(T/K)",2023-05-15,2026-05-14,이종환 CM,김은성 공무,김대용  ,21,      56,      45,13.8,16.9,202408,1차,전체실행,[2023.07.14] 전체예산,완료,16,울산광역시 남구 처용로 524,"1) 공사금액 : 1,260억원 (전체분_VAT, 폐기물처리비 및 관급자재 제외]
2) 시설규모
 - 소각용량 : 460톤/일 (230톤/일 x 2계열) 
 - 부대시설 : 관리동, 굴뚝, 세차 및 정비동, 경비동 등
 - 철거 : 기존 관리동, 매립종료 관리동 및 침출수 처리동, 세차/정비동 등
3) 공사기간 : 2023.5.16~2026.5.14 (시운전 4개월 포함 36개월)
4) 공동도급 : 당사(65.14%), 테크로스(14.33%) 外 3개사(34.86%)"
플랜트,플랜트,240140,동북아LNGHub터미널1단계1차EPCC(전남),2024-04-24,2028-02-29,류병호 CM,안근엽 공무,김형준  ,56,      43,      34,,,,1차,전체실행,[2024.07.04] 전체예산,진행중,5, 전라남도 여수시 묘도동 2016일대,"1단계 1차
   1) LNG 탱크 : 20만 kl x 2기
   2) 본설비      : 기화송출설비(280 ton/hr = 200만톤/년), Utility 및 부대설비"
플랜트,플랜트,200280,보령LNG터미널Project(2-3 & 2-4단계)(충남),2020-05-22,2025-01-31,송윤형 CM,주영도 공무,윤동열  ,16,      38,      33,,,,9차,변경,[2024.02.19] 2-3 단계 정산 예산 반영 변경,완료,52,충청남도 보령시 오천면 오천해안로 333,"- 20만㎥ LNG Tank 1기(설계 제외), 
- 별도 발주(LP LNG Pump,연결설비)
- 기화송출설비
- 3단계 FEED"
인프라,인프라,220730,거제2단계수리시스템보완공사(경남),2022-04-27,2027-04-26,지재민 CM,박형근 공무,,17,      38,      17,33.7,31.8,202406,4차,변경,[2024.07.01] 2차변경 미확정분,완료,29,경상남도 거제시 일운면 지세포리 51-1,"수벽터널(B: 5m× H: 4.5m, L= 1,361m)     
Turning Shelter 6개소 
보강공
갱문(1개소), Plug(3개소), Wall(2개소), 기계기초(9개소), 물탱크 기초(3개소) 외 기타"
건축.주택,주택,170630,방배13구역단독주택재건축정비사업(서울),2024-03-29,2028-06-30,김경환 Pre-CM,정지웅  ,,6,      36,      38,,,,차,-,, ,6,서울시 서초구 방배동 541-2번지 일원,"1. 사업명 : 방배13구역 단독주택재건축정비사업
2. 위치 : 서울시 서초구 방배동 541-2번지 일원
3. 대지면적 / 연면적 : 34,058평 / 136,314평
4. 건립규모 : 아파트 B4~22층, 총2,185세대 (임대 351세대 포함) 및 부대복리시설"
인프라,인프라,160810,고속국도제14호선창녕-밀양간건설공사(제3공구)(경남),2016-10-14,2024-12-31,이석규 CM,박철홍 공무,박정환  ,14,      35,      31,95.8,95,202408,19차,변경,[2024.09.24] [2024.09.23] 18차변경 확정분,진행중,96,경상남도 밀양시 무안면 무안서로 224," 연장 : L=6.32KM
 토공 : 깍기 110만 M3, 쌓기 125만 M3, 외부토 27만M3
 배수공 : 암거공 6개소(313M)
 교량공 : 740M/2개소
 포장공 : 콘크리트 포장 28,325M3
 터널공 : 4,557M(울산방향)/2개소
 기타부대공 : 방음벽 680M 외"
인프라,인프라,220740,천안테크노파크일반산업단지(충남),2022-07-28,2025-09-27,김창근 CM,문재웅 공무,박정환  ,17,      35,      27,47.6,47.8,202408,3차,변경,[2024.03.11] 1차변경 미확정분,완료,26,충청남도 천안시 서북구 직산읍 남산리,"면적 : 918,033㎡ (약28만평)
토공 : 흙깎기 (1,366천㎥), 흙쌓기 (1,418천㎥)
배수공 : 우수공 : 9,688m, 오수공 : 5,081m, 상수공 : 11,356m
구조물공 : 합성라멘교 2개소 (L=25m, B=18.3m), RC라멘교 1개소
부대공 : 하천(전석쌓기) 587m, 조경, 전기 1식"
건축.주택,건축,211110,LGES오창2산단자동차베터리공장신축공사(충북),2022-01-20,2025-03-31,권영집 CM,백승원  ,하정환  ,15,      31,      23,68.8,68,202302,18차,변경,[2024.09.24] 10차 건축변경,진행중,32,충청북도 청주시 청원구 오창읍 주성리 648,"1. 구조  : 철골.철근콘크리트 구조
2. 기초 형식 : PHC PILE + 지내력 기초
3. 건축 규모
   1) 공장동 : 지상1층 - 지상4층 (철골구조)
   2) 부속동 : SRP/NMP, UT동, 위험물/폐기물 창고, 안전환경 2동(+염수처리장, ESS 외부시험소)
   3) 어린이집 별관 : 지상2층 (철골철근콘크리트조)"
그린,전력제어,220970,경기서북부전력인입공사(경기),2022-08-01,2026-07-31,남광진 CM,이주호  ,,9,      23,       0,,,,1차,전체실행,[2024.09.02] 전체 실행 편성,완료,26,경기도 파주시 와석순환로515번길91 프라임타워 1006호," 154kV 지중송전선로
  - 신파주 변전소 ~ DC 사업부지
  - 주예비선로 5.1km * 2line
"
건축.주택,주택,110220,수택E구역주택재개발정비사업(경기),2022-09-01,2026-05-31,이헌룡 Pre-CM,박주호  ,,3,      20,      18,,,,차,-,, ,25,경기도 구리시 수택동 496-6번지 일대," 아파트 26개동, 지하6층~지상35층"
인프라,인프라,09076,신림-봉천터널도로건설공사(2공구),2010-10-08,2026-12-31,윤정희 CM,김성용 공무,박정환  ,9,      20,      19,63.1,63.3,202408,19차,변경,[2023.10.19] 12차 변경 미확정분,완료,170,서울특별시 관악구 신림동 산9-10,"■ 공 사 명 : 신림~봉천터널 도로건설공사(2공구)
■ 공사위치 : 서울시 관악구 신림동 393-1 ~ 관악구 봉천동 231-1
■ 공사기간 : 2010.10.08 ~ 2026.12.31(195개월)
■ 공사금액 : 1,989억원(당사분 1,276억원, VAT제외)
■ 발주기관 : 서울특별시 도시기반시설본부
■ 시 공 사 : GS건설(67.77%)외 4개사
■ 감 리 사 : 신성엔지니어링  
■ 공사개요 : 총 연장     L = 2.293km(NATM,횡류식환기)		
               - 터널     L = 2.237km		
               - 개착Box  L =     89m		
               - 연직갱   L =     40m
               - 집수터널 L =   39m		
               - 전기 및 기계공사 1식"
그린,전력제어,230720,500kVHVDC동해안~신가평송전선로건설공사(경북),2023-11-09,2029-01-01,김영욱 CM,최윤석  ,,9,      13,       0,,,,1차,전체실행,[2024.03.26] 전체실행편성,완료,10,500kVHVDC동해안~신가평송전선로건설공사(경북) ,"심형기초 및 강관철탑 43기 설치
전력선 20.325km 설치"
건축.주택,주택,210130,운정자이퍼스트시티(경기),2022-05-20,2024-09-24,이종완 CM,임성호 공무,김재호  ,25,      10,       0,,,,4차,전체실행,[2023.04.12] 전체실행,완료,28,경기도 파주시 다율동 671번지 일원,"1. 건물규모 : 지하2층~지상20층
   - APT 10개동(15~20층), 920세대 
   - 주차대수 : 아파트 1,288대(1.4대/세대)
                근린생활시설 17대
                총1,305대 
*법정기준 
  - 공동주택 85㎡이하,65㎡당1대 / 787대
  - 공동주택 85㎡초과,55㎡당 1대이상 / 414대
  - 근생 시설면적 100㎡당 1대이상 / 9대
     (총1,210대)
2. 주요시설
   - 주민공동시설,경로당,어린이집,작은도서관,
     돌봄센터,관리사무소,용역원실,경비실,MDF,방재실
   - 기계전기실,지하주차장,근린생활시설"
건축.주택,주택,230090,서초염곡동건축공사(서울),2023-03-20,2024-10-31,박병준 CM,강성현 공무,이승호  ,2,       4,       9,88,82.2,202408,2차,변경,[2024.08.27] 전체실행 ,진행중,18,"서울특별시 서초구 염곡동 44, 147-3번지","   <공사개요>
1.대지위치: 서울특별시 서초구 염곡동 44,147-1
2.공사규모: 지하 1층 및 지상 2층
3.연면적: 293.77평
4.공시기간: 2023.03~2024.10 (입주)
5.설계자: (주)에스오엠이 건축사사무소
6.감리자: (주)에스오엠이 건축사사무소"
건축.주택,주택,151480,평촌자이퍼스니티(경기),2024-08-01,2027-11-30,가완로 CM,김태현 공무,김민주  ,18,       3,       3,,,,차,-,, ,1,경기도 안양시 동안구 비산동 354-10," APT 17개동, 지하3층~지상33층, 1,874세대
주민운동시설,어린이집,경로당 등 부대복리시설
지하주차장 지하3층, 주차대수 2,791대(세대당 1.51대)"
건축.주택,건축,160010,P9-Project(경기),2015-12-10,2024-08-31,김행옥 CM,유종목  ,황경업  ,2,       1,       1,96,89.6,202312,83차,변경,[2023.10.13] 76차 변경,완료,107,경기도 파주시 월롱면 엘지로 245 파주LCD산업단지,"1. 대지위치 : 경기도 파주시 월롱면 덕은리 LCD 산업단지 內
2. 공사규모 : C-Project 대응 C/R&UT 공사 외 (C/R 6F 14,520평)
                       pOC 대응 C/R&UT 공사 외 (C/R 5F 동측 7,260평, 서측 1,100평)
                       a-Si Capa up 대응 C/R&UT 공사 외 (C/R 2F 서측 7,260평)
                       Rollable 대응 C/R&UT 공사 외 (C/R 1F 1,530평)
                       Mobile PO 확장 대응 C/R&UT 공사 (C/R 5F 서측 840평, 동측 125평 외)
3. 공사기간 : 2015.12.10 ~ 2024.08.31
4. 건축주 : LG DISPLAY
5. 설계/감리 : (주)창조종합건축사사무소"
인프라,인프라,220810,신분당선광교~호매실복선전철제2공구건설공사,2024-05-03,2029-04-03,이정훈 CM,이승규  ,,13,       1,       0,,,,차,-,, ,4,수원시 팔달구 수성로 157번길 49-4(화서동) 2층,"- 현 장 명 : 신분당선 광교~호매실 복선전철 제2공구 건설공사 (CODE:220810)
 - 발 주 자 : 국가철도공단 
 - 공사기간 : '24. 4. ~ '29. 3. (60개월)
 - 공사비 : 3,558억원(영세율)
 - 공사규모 : 총연장 3.589km
                      정거장 2개소(0.302km), 터널(3km287), 본선환기구 1개소
                      건축,전기,기계,통신 포함
 "
인프라,인프라,190590,ITTC C190(Singapore),2020-05-11,2025-04-25,현정원 CM,오흥열 공무,,14,       0,       0,,,,9차,변경,[2024.06.21] 건축 예비비 승인건 변경,완료,53, ,"1) 공 사 명 : C190 ITTC (Integrated Train Testing Centre) (싱가포르)
2) 발 주 처 : Land Transport Authority
3) 계 약 금 액 : SGD 639,502,000
4) 공 사 기 간 : 2020. 05. 11 ~ 2025. 04. 25 (약 59개월)
5) 공 사 내 용 : 총부지 56ha, Test Track 15.1km, Viaduct 1.6km, Retaining Wall 2.7km,
                    Underpass 0.54km, Track Works, Building 10개동, E&M 업역"
인프라,인프라,091940,HCMC MRT Line1 CP2,2012-07-24,2024-12-31,정성엽 CM,김기남 공무,문수원  ,9,       0,       0,87.4,87.4,202009,54차,변경,"[2024.07.10] 토목 26차, 건축EM 30차(기 승인 예비비 반영, 가구공사 외)",완료,148,"151 Nguyen Huong, Thao Dien Ward, District 2, HCMC, VietNam"," 전체연장 : 17.1km (Elevated & Depot)
 P.S.M교 : 12.2km
 특수교량 : 6개소(사이공 교 포함 1.1km)
 역사 : 11개소
 차량기지  : 21만 m2
"
그린,전력,151430,P10 345kV 변전소공사(경기),2016-02-01,2024-08-31,김규진 CM,김규진 CM,조용석  ,0,       0,       0,100,100,202407,34차,변경,[2024.07.30] P9 AP4 C/R 5F Mobile PO 확장 공사 정산분 반영,완료,105,경기도 파주시 월롱면 엘지로 245,"1. P10 345kV 변전소
 1) 구조 : 철골철근콘크리트조
 2) 규모 : B1F~3F, 대지면적 : 12,734㎡, 연면적 11,350.76㎡, 건축면적 4,035.80㎡
 3) 선로공사 : 송전전력구 총 1,361m(개착식 : 903m + DSM : 57m + 세미쉴드 : 401m)
 4) 변전설비 : 345kV MTR 2Bank, 154kV MTR 5Bank, 362kV GIS 6CB, 170kV GIS 8Bay,고/저압 부스덕트 설치"
인프라,인프라,112140,화성동탄(2)택지개발사업조성공사(2-1공구)(경기),2011-12-19,2024-12-31,김종찬 팀장,신동일  ,,0,       0,       0,99.4,97,202105,32차,변경,[2019.07.19] 28차변경 확정분,완료,155, 경기도 화성시 동탄면 일원,"1. 조성면적 : 2,440,000㎡
2. 토    공 : 절토 115만㎥, 성토 974만㎥, 외부반입토 859만㎥
3. 배 수 공 : 우수관 23,345m, 오수관 18,736m
4. 상수도공 : 29,239m
5. 포 장 공 : 도로포장 2,707a
6. 하 천 공 : 돌붙임 19,097㎡, 돌쌓기 6,071㎡
7. 조경공/부대 : 1식
8. 강관추진압입 : 청계교(39.4m), 나루교(31.8m), 금반교(29m)
9. 송수관로 이설 : D1,350mm, L=3,656m
                   밸브실 : 8개소, 
                   전기방식설비 : 2개소
10. 배전간선 설치 : 조립식 맨홀 161개소, 관로공사 316,687m,
                            지중변압기 96개소"
건축.주택,주택,150160,창원자이메가시티(경남),2023-03-01,2026-04-01,오명석 Pre-CM,오명석 Pre-CM,,1,       0,       0,,,,차,-,, ,19,경상남도 창원시 진해구 여좌동 843-1번지 일원       , 
인프라,인프라,151190,TEL T301(Singapore),2016-03-18,2024-10-04,김주열 담당,박은석 공무,문수원  ,15,       0,       0,,,,21차,변경,"[2024.09.03] 주요 원재료비(철근,레미콘) 품의승인분 실행변경",완료,103,"251A Upper Changi Road East #03-01, Singapore 485992","Rail Depot (총 985량 / 3개층) 및 Bus Depot (총 815대 / 4개층) 시공 (총 면적 : 32 hectares)
  - 지하      : Rail Depot for DTL (225량)  
  - 지상1층: Rail Depot for TEL (304량)  
  - 지상2층: Rail Depot for EWL (456량)   
  - 4 levels bus depot (버스 815대 수용규모)   
  - Cut & Cover Tunnel"
인프라,인프라,170850,NSC N101(Singapore),2018-12-26,2027-12-12,송태현 CM,노동훈 공무,이형희  ,18,       0,       0,,,,9차,변경,"[2024.03.21] 8차 변경(수량 재산출, Fluctuation 증감분)",완료,70,68A Queen Street #01-02 Singapore 188556,"- Twin cell Box Tunnel 990m(4 Lane)
- Viaduct : 1km(1~2 Lane)
- Slip Road Tunnel (Single Box)
- Facility Building 1개소 (지하2층, 지상1층)
- Ophir Flyover 철거 및 재설치"
건축.주택,건축,90205N,LG Electronics Brazil Refrigerator Factory,2024-08-01,2026-02-28,전영민 CM,김기범  ,하정환  ,7,       0,       0,,,,차,-,, ,1,"Rua Chico Urso, 979 - Industrial I, Fazenda Rio Grande/Paran?"," Phase 1 
  -.생산동(Main Building)
  -.부속동(내재화동, UT, Pre-mix 등)"
인프라,인프라,180060,Friendship (Dala) Bridge(Myanmar),2019-05-27,2025-06-30,채경수 CM,장유봉 공무,이형희  ,7,       0,       0,,,,2차,변경,[2023.06.06] 1차 실행변경,완료,65,"No.584, Strand Road (Corner of 7th Street), Lanmadaw Township, Yangon, Myanmar","1. 공사명 : Korea-Myanmar Friendship (Dala) Bridge Construction Project
2. 현장위치 : 미얀마 Yangon 남쪽 (Yangon과 Dala 연결)
3. 계약방식 : Build only (Unit Price - Remeasurable)
4. 참여형태 : 당사 단독 (100%)
5. 공사내용
     1) Main Bridge : 690m
         - Cable Stayed : 185m+320m+185m
         - 2 Pylons, 왕복 4차선
     2) Dala Approach Bridge : 601m
         - PSC beam girder, 왕복 4차선
     3) Yangon Approach Bridge : 577m
         - PSC beam girder, 왕복 2차선
     4) Ramp-A : 467m (PSC beam+Steel Box girder, 편도 1차선)
     5) Ramp-B : 526m (PSC beam+Steel Box girder, 편도 1차선)
     6) Access Road : 1,464m (Asphalt Concrete Pavement, 왕복 2~4차선)"
건축.주택,주택,140570,노량진6구역주택재개발사업(서울),2024-04-01,2027-02-28,손선칠 Pre-CM,정승일  ,,1,       0,       0,,,,차,-,, ,5,동작구 노량진동 294-220번지 일대,"지하4층, 지상14~28층, 14개동, 총 1,499세대(임대 262세대 포함) 
SK에코플랜트 (50%), GS건설 (50%)"
플랜트,플랜트,230350,Fadhili Gas Increment Program PKG2(사우디),2024-04-15,2027-09-15,전갑수 PD,구본근 공무,김형준  ,58,       0,       0,,,,2차,부분,"[2024.08.20] Project 진행에 따른 부분예산 (자재비, 공사비)",완료,5,사우디 Jubail 市로부터 약 80km 서쪽 Fadhili 유전,"1. 목적 : 기존 플랜트 (FGP I)의 용량 확장하는  Project 
2. 내용 : 당사가 수행하는  PKG 2는 Sulfur Recovery Unit의 기존 6개 unit와 동일한 Copy 형태의 3-Train 및 이에 필요한 부대설비를 신설함.
  "
건축.주택,주택,160420,광명12R구역주택재개발정비사업(경기),2024-09-01,2027-04-30,최철호 Pre-CM,조동원  ,,6,       0,       5,,,,차,-,, ,0, 경기도 광명시 철산3동 472-267번지 일원,"  - 건축규모 : 지하7층~지상29층(APT 19개동 총 2,097세대)

  - 주요시설 : 주민공동시설,근린생활시설,경로당,보육시설,도서관"
인프라,인프라,111210,영보일반산업단지(충남),2011-07-01,2024-12-31,김종찬 팀장,박종기  ,박정환  ,2,       0,       0,100,100,202408,12차,변경,[2019.04.12] 6차변경 확정분,완료,161,충청남도 보령시 오천면 영보리 산21-104,"산업단지조성 1,100천㎡ (33.6만평)
지장물 및 폐기물 철거 1식"
건축.주택,주택,210660,오포자이오브제(경기),2021-10-27,2024-08-29,권기동 CM,최영탁 공무,김재경  ,20,       0,       0,,,,6차,변경,[2023.12.01] 전체실행,완료,35,경기도 광주시 고산동 484-5번지 일원,"- 현장명 : 오포자이 오브제
- 위치 :  경기도 광주시 고산동 484-5번지 일원
- 규모 :
   1)  APT 10개동 (B5층 ~25층) 927세대, 지하주차장(B5층), 주차대수 1,305대(세대당 1.4대,근생6)
   2) 주요시설 : 주민공동시설, 근린생활시설, 부대시설 등"
건축.주택,주택,150260,산성구역재개발(경기),2024-05-27,2027-11-26,최영근 팀장,조성주 공무,,1,       0,       0,,,,차,-,, ,4,경기도 성남시 수정구 수정로342번길 15-10 일원,"지하5층-지상29층 APT 45개동,  지하주차장, 근린생활시설
3,487세대 (임대분양 421세대, 일반분양 1,216 세대, 조합원 1,850세대),

대지면적 : 119,965.10 m2 (36,89평)
건축 연면적 : 545,524.44 m2 (165,020.40평)

주차대수 : 아파트 4,604대,  근린생활시설 34대, 전체 4638대"
건축.주택,주택,210170,봉담자이프라이드시티(경기),2021-09-01,2024-08-31,최은호 CM,김형환 공무,이용빈  ,25,       0,       0,97,92.2,202406,9차,변경,[2023.12.20] 전체실행,완료,37,경기도 화성시 봉담읍 삼봉안길 20-22,"1.건물규모 : 지하4층~지상35층 (RC)
 - 아파트 11개동, 1,701세대 
 - 지하주차장 지하3층~지하1층
 - 주차대수 : 2,232대(1.3대/세대) 

2.부대복리시설
  - 근린생활시설, 부대복리시설(관리사무소,경로당,보육시설), 경비실"
그린,전력제어,180410,만덕~센텀도시고속화도로ITS(부산),2022-10-13,2024-11-28,김규진 CM,서용욱  ,조용석  ,3,       0,       0,2,2,202408,1차,전체실행,[2024.02.27] 전체 예산,완료,23,부산광역시 동래구,"1. 교통관리시스템 (FTMS)
  - 교통정보센터 시스템 구축
  - 도로전광표지 및 차량검지시스템
2. 요금징수시스템 (TCS)
  - 스마트 톨링 2차로용 : 2식 (센텀 IC)
  - 스마트 톨링 1차로용 : 2식 (중앙 IC)"
그린,환경,211240,제주환경자원순환센터소각시설위탁운영(제주),2021-12-01,2024-11-30,이학영  ,강선철  ,,5,       0,       0,,,,1차,전체실행,[2022.03.10] 상업운전 최초계약(3년) 전체예산,완료,34,제주시 구좌읍 조천우회로 982-72,소각시설 500톤(250톤×2기) 운영관리
건축.주택,주택,230480,인천신문아파트건설공사(인천),2023-07-14,2024-12-04,김동혁 CM,김민재 공무,김덕만  ,14,       0,       0,,,,차,-,, ,14,인천광역시 강화군 강화읍 신문리 596-1번지 일대,"■규모 : 지하 PIT층~지상 4층, 130세대, 아파트 3개동 및 부대복리시설
■공법 : 철골모듈러(Volumetric방식)
"
그린,환경,150630,성남시폐기물에너지화민간투자사업(BTO)(경기),2024-08-27,2027-11-26,김옥진 CM,이승철 공무,,14,       0,       0,,,,차,-,, ,1,경기도 성남시 중원구 둔촌대로 567," 사업규모 : 
 - 소각시설 500톤/일(250톤/일 x 2기)
 - 소각여열회수시설 "
건축.주택,건축,90331J,대치동자이갤러리운영,2023-10-01,2026-12-31,이상국 분양소장,이철희  ,,7,       0,       0,,,,차,-,, ,12, 서울시 강남구 대치동, 
건축.주택,건축,160350,LGD파주2블록부속동증축공사,2016-07-18,2024-12-31,박병준 CM,강성현 공무,황경업  ,2,       0,       0,100,96.2,202408,52차,변경,[2024.08.23] 제 34차 변경실행예산,완료,99,경기도 파주시 월롱면 엘지로 245 파주LCD산업단지," <공사개요>
1.대지위치: 경기도 파주시 월롱면 덕은리 LCD산업단지 內
2.공사규모: A3동 1F~3F (8,295 평), UT동 B1~3F (20,204평)
                     유독물저장소,저온창고,고압가스 저장소
                      G-Gate,GATE F, 36Lv. 이재물창고 外 (3434평)
3.연면적: 31,934평
4.공사기간: 2016.07~2024.12 (101개월)
5.건축주: LG Display
6.감리자: (주)창조건축"
플랜트,플랜트,90180N,Upgrade SRU Yanbu Refinery(Saudi),2023-07-26,2026-06-10,박주택 CM,전인배 공무,전영준  ,11,       0,       0,,,,2차,변경,[2024.08.21] 공사 내역 단순 변경(내역일치),완료,14," Yanbu Refinery Complex, Yanbu, Saudi Arabia","1) 사업배경
    a. MEWA1)의 강화된 환경 기준 준수 (50ppmv SO2 Emission)?
    b. Sulfur Recovery 효율 향상 : 기존 98~99%에서 99.95%까지? (Liquid Sulfur 내 H2S 10ppm 이내)?

2) 주요 역무
    a. 신규설비
       - Tail Gas Treatment Unit (2 Train)
       - Common Degassing System, Air Compressor 1기 등
    b. 기존설비 Modification & Demolition, Tie-ins 등"
건축.주택,주택,170320,대구송현주공3단지주택재건축(대구),2022-10-01,2025-06-30,박병직 Pre-CM,이수재  ,,1,       0,       0,,,,차,-,, ,24,대구광역시 달서구 상인동 797번지," -.아파트 : 11개동 1,498세대(지상12~29층)
 -.지하주차장 : 지하3층~지하1층
 -.주차대수 :  2,079대(세대당 1.37대) / 법정 1,561대
 -.부대복리시설(주민공동시설,어린이집,경로당,관리사무소,작은도서관등)
 -.근린생활시설 : 단지내 상가"
건축.주택,건축,90068N,Guangzhou P10A FAB,2017-07-01,2024-12-31,고경섭  ,이상원  ,황경업  ,0,       0,       0,100,100,202312,15차,변경,[2023.05.19] [2023.05.06] [2023.05.06]15차 실행내역,완료,88, 중국 광동성 광주시 광학성 개태대로 ,"1. 공 사  명 : 광동 LGD P10A  FAB (중국)
2. 규      모  : 236m * 300m  H=80.4m
                      CR 5개층 , MR 9개층
3. 구      조  : 철골철근콘크리트조  
4. 공 사 비  : 약 9,392억
5. 공사기간 : 2017.7.1 ~ 2024.12.31"
건축.주택,주택,200930,인천검단AA13-1블록공공주택사업(인천),2021-05-21,2027-08-31,정재현 CM,정형석  ,이용빈  ,0,       0,       0,78.9,90,202308,8차,전체실행,[2022.12.12] 전체실행,완료,40,인천광역시 서구 원당동 531번지,"지하2층 ~ 지상25층
APT 7개동
702세대
지분율: GS 40%, 동부 30%, 대보 30%
아파트면세율: 00.00%"
건축.주택,주택,220250,송도자이르네디오션(부산),2022-05-18,2025-03-17,손명근 책임,   ,,0,       0,       0,,,,1차,전체실행,[2023.06.15] 전체실행_원재료발주용,완료,28,부산광역시 서구 암남동 115-18,"아파트 4개동  지하6층 지상29층 227세대
근린생활시설"
건축.주택,주택,140780,북서울자이폴라리스(서울),2021-12-03,2024-08-30,최일섭 CM,오현승 공무,김민주  ,21,       0,       0,,,,5차,변경,[2023.12.11] 전체실행,완료,34,서울특별시 강북구 미아2동 791번지 일대,"-건축규모: 지하3층~지상22층, APT 15개동, 1,045세대
-주요시설:주민공동시설,경로당,어린이집,관리사무실,근린생활시설"
건축.주택,건축,230790,Indonesia HLI Green Power 2nd Battery Factory Project,2024-01-01,2025-12-31,변석희 CM,김기범  ,,3,       0,       0,,,,차,-,, ,9,"KNIC Blok C No.1, Kab, Karawang, Jawa Barat"," 배터리동 및 부속동(UT동, Cycler, Recycling, SRP/NMP, CESS, Fire Pump, 150kV S/S)"
건축.주택,주택,200130,의정부역스카이자이(경기),2020-09-01,2024-08-31,이환수 CM,최재영 공무,이용빈  ,12,       0,       0,99.2,99,202406,3차,전체실행,[2021.06.25] 전체실행,완료,49,경기도 의정부시 의정부동 238-10번지 외 9필지 ," 1. 건물규모 
  1) 공동주택 지하6층~지상47/49층, 2개동 / 주차대수 446대
  2) 근린생활시설 지하1층~지상3층 / 주차대수 64대

2. 평형 및 세대수
  1) 공동주택(393세대)
  - 65형 (25평) : 86세대
  - 76형 (30평) : 252세대
  - 84형 (33평) : 45세대
            계          : 393세대
  2) 근린생활시설
  - 지하1층~지상3층, 4,181M2 (1,266평)"
플랜트,플랜트,221080,리튬이온배터리재활용공장신축공사(경북),2022-02-25,2024-09-30,최준규 PD,민병인  ,전영준  ,0,       0,       0,,,,4차,변경,[2023.11.08] 1차 도급 변경에 따른 예산 변경,완료,31,경상북도 포항시 북구 흥해읍 용한리,"폐배터리 Powder (Black Powder)를 이용한 폐자원내    Li, Ni, Co 추출 및 회수
1. Black Powder Roasting System (High Temp. Kiln, Off Gas Treatment System)
2. 회수된 Li을 통한 탄산리튬으로 회수 (HPAL, Purification System, Li2CO3 제조/건조설비)
3. 회수된 Ni, Co를 통한 NiSO4?6H2O (황산니켈 수화물) 및 CoSO4 (황산코발트 용액)으로 회수 (H2SO4 Leaching System, Purification System, Solvent Extraction System, MVR+Crystallizer System for Ni)
4. 기타 (Tankage, Utility, Powder Handling System, WWT)"
